to Latitude,to Longitude,Zone,Easting,Northing,Zone Northing Easting Interpreted
35.2155775,-80.7351434,3200,1481781.309,537915.1491,3200 537915.1491UsFtN 1481781.309UsFtE
35.427915,-80.901609,3200,1433550.731,616092.1017,3200 616092.1017UsFtN 1433550.731UsFtE
35.2483572,-80.859839,3200,1444767.37,550517.4028,3200 550517.4028UsFtN 1444767.37UsFtE
35.2077241,-80.8931507,3200,1434541.767,535919.8546,3200 535919.8546UsFtN 1434541.767UsFtE
35.2150855,-80.8709127,3200,1441233.649,538472.5893,3200 538472.5893UsFtN 1441233.649UsFtE
35.3918623,-80.7765131,3200,1470575.237,602282.2271,3200 602282.2271UsFtN 1470575.237UsFtE
35.2373696,-80.8905099,3200,1435535.911,546692.186,3200 546692.186UsFtN 1435535.911UsFtE
35.263262,-80.8493734,3200,1447992.449,555882.6367,3200 555882.6367UsFtN 1447992.449UsFtE
35.1877331,-80.8585006,3200,1444753.845,528449.9938,3200 528449.9938UsFtN 1444753.845UsFtE
35.2608913,-80.8706629,3200,1441622.376,555139.0659,3200 555139.0659UsFtN 1441622.376UsFtE
35.3050164,-80.8867006,3200,1437141.011,571286.0144,3200 571286.0144UsFtN 1437141.011UsFtE
35.4012983,-80.9375681,3200,1422651.546,606613.7284,3200 606613.7284UsFtN 1422651.546UsFtE
35.2684515,-80.8572079,3200,1445689.569,557814.6654,3200 557814.6654UsFtN 1445689.569UsFtE
35.2674977,-80.8568184,3200,1445799.331,557465.429,3200 557465.429UsFtN 1445799.331UsFtE
35.2262937,-80.846912,3200,1448476.753,542416.8192,3200 542416.8192UsFtN 1448476.753UsFtE
35.4207793,-80.895713,3200,1435257.208,613461.8705,3200 613461.8705UsFtN 1435257.208UsFtE
35.3206293,-80.7324239,3200,1483260.637,576128.4647,3200 576128.4647UsFtN 1483260.637UsFtE
35.278222,-80.7815766,3200,1468324.171,560956.3476,3200 560956.3476UsFtN 1468324.171UsFtE
35.1225824,-80.9023769,3200,1431192.579,504991.6223,3200 504991.6223UsFtN 1431192.579UsFtE
35.2124294,-80.8799054,3200,1438529.898,537556.8295,3200 537556.8295UsFtN 1438529.898UsFtE
35.2547925,-80.752649,3200,1476805.596,552276.8959,3200 552276.8959UsFtN 1476805.596UsFtE
35.452956,-80.7729722,3200,1472027.475,624495.3751,3200 624495.3751UsFtN 1472027.475UsFtE
35.2154205,-80.8764199,3200,1439591.377,538625.5314,3200 538625.5314UsFtN 1439591.377UsFtE
35.2489332,-80.8669445,3200,1442650.311,550766.8097,3200 550766.8097UsFtN 1442650.311UsFtE
35.1997337,-80.8130594,3200,1458408.111,532565.717,3200 532565.717UsFtN 1458408.111UsFtE
35.1757516,-80.9101492,3200,1429241.28,524383.1284,3200 524383.1284UsFtN 1429241.28UsFtE
35.1597666,-80.9034371,3200,1431135.076,518528.0594,3200 518528.0594UsFtN 1431135.076UsFtE
35.164361,-80.9020069,3200,1431594.515,520191.6372,3200 520191.6372UsFtN 1431594.515UsFtE
35.214389,-80.8605193,3200,1444332.626,538160.8159,3200 538160.8159UsFtN 1444332.626UsFtE
35.245242,-80.8431757,3200,1449720.394,549291.0382,3200 549291.0382UsFtN 1449720.394UsFtE
35.2105362,-80.9169473,3200,1427454.676,537079.5333,3200 537079.5333UsFtN 1427454.676UsFtE
35.0972076,-80.8804779,3200,1437564.629,495633.6694,3200 495633.6694UsFtN 1437564.629UsFtE
35.2833632,-80.8527932,3200,1447108.335,563216.1885,3200 563216.1885UsFtN 1447108.335UsFtE
35.2331375,-80.8123599,3200,1458838.967,544717.0293,3200 544717.0293UsFtN 1458838.967UsFtE
35.411605,-80.9466452,3200,1420020.678,610417.1214,3200 610417.1214UsFtN 1420020.678UsFtE
35.0999279,-81.0203582,3200,1395753.308,497445.4699,3200 497445.4699UsFtN 1395753.308UsFtE
35.3290525,-80.7781501,3200,1469677.975,579434.7592,3200 579434.7592UsFtN 1469677.975UsFtE
35.2185572,-80.8327921,3200,1452640.746,539523.4959,3200 539523.4959UsFtN 1452640.746UsFtE
35.1739016,-80.9783224,3200,1408860.138,524108.9122,3200 524108.9122UsFtN 1408860.138UsFtE
35.3412818,-80.961128,3200,1415200.687,584912.5716,3200 584912.5716UsFtN 1415200.687UsFtE
35.1162441,-80.7187568,3200,1486048.942,501683.885,3200 501683.885UsFtN 1486048.942UsFtE
35.2446885,-80.9257559,3200,1425065.211,549557.6427,3200 549557.6427UsFtN 1425065.211UsFtE
35.1303719,-81.0004548,3200,1401928.452,508402.4325,3200 508402.4325UsFtN 1401928.452UsFtE
35.2765175,-80.7170019,3200,1487582.496,559996.4957,3200 559996.4957UsFtN 1487582.496UsFtE
35.2080802,-80.8933284,3200,1434491.148,536050.465,3200 536050.465UsFtN 1434491.148UsFtE
35.3266286,-80.707494,3200,1490733.43,578182.7429,3200 578182.7429UsFtN 1490733.43UsFtE
35.2306164,-80.7809712,3200,1468194,543629.9999,3200 543629.9999UsFtN 1468194UsFtE
35.2259571,-80.8828255,3200,1437751.24,542495.8279,3200 542495.8279UsFtN 1437751.24UsFtE
35.1903747,-80.7963556,3200,1463335.645,529069.4498,3200 529069.4498UsFtN 1463335.645UsFtE
35.2102021,-80.8516759,3200,1446945.096,536587.8853,3200 536587.8853UsFtN 1446945.096UsFtE
35.5068085,-80.7966453,3200,1465333.359,644219.2039,3200 644219.2039UsFtN 1465333.359UsFtE
35.232528,-80.8226397,3200,1455765.753,544551.4336,3200 544551.4336UsFtN 1455765.753UsFtE
35.0458996,-80.7938366,3200,1463138.029,476484.2369,3200 476484.2369UsFtN 1463138.029UsFtE
35.2498553,-80.9549238,3200,1416395.272,551607.9467,3200 551607.9467UsFtN 1416395.272UsFtE
35.2072287,-80.8829057,3200,1437598.029,535681.4151,3200 535681.4151UsFtN 1437598.029UsFtE
35.1911047,-80.7895959,3200,1465359.696,529298.5952,3200 529298.5952UsFtN 1465359.696UsFtE
35.4069089,-80.8873325,3200,1437657.545,608366.9932,3200 608366.9932UsFtN 1437657.545UsFtE
35.228414,-80.820407,3200,1456404.896,543042.1736,3200 543042.1736UsFtN 1456404.896UsFtE
35.2533458,-80.7798403,3200,1468679.964,551894.8877,3200 551894.8877UsFtN 1468679.964UsFtE
35.2617482,-80.7193713,3200,1486782.38,554634.2779,3200 554634.2779UsFtN 1486782.38UsFtE
35.1590928,-80.8577869,3200,1444771.988,518024.4086,3200 518024.4086UsFtN 1444771.988UsFtE
35.503703,-80.8612622,3200,1446084.91,643443.4135,3200 643443.4135UsFtN 1446084.91UsFtE
35.5027872,-80.8537928,3200,1448301.34,643068.5452,3200 643068.5452UsFtN 1448301.34UsFtE
35.4984021,-80.849409,3200,1449576.109,641448.4585,3200 641448.4585UsFtN 1449576.109UsFtE
35.4960388,-80.8302406,3200,1455264.528,640482.7073,3200 640482.7073UsFtN 1455264.528UsFtE
35.4928301,-80.8318115,3200,1454775.465,639323.6944,3200 639323.6944UsFtN 1454775.465UsFtE
35.4958014,-80.8326647,3200,1454541.518,640409.6493,3200 640409.6493UsFtN 1454541.518UsFtE
35.2114725,-80.9170704,3200,1427424.507,537420.9466,3200 537420.9466UsFtN 1427424.507UsFtE
35.4947714,-80.8291855,3200,1455570.025,640015.7189,3200 640015.7189UsFtN 1455570.025UsFtE
35.4981825,-80.8634397,3200,1445399.258,641446.6496,3200 641446.6496UsFtN 1445399.258UsFtE
35.4950059,-80.7961713,3200,1465396.678,639921.6245,3200 639921.6245UsFtN 1465396.678UsFtE
35.1370668,-80.768941,3200,1471179.235,509524.479,3200 509524.479UsFtN 1471179.235UsFtE
35.2338126,-80.7743494,3200,1470191.876,544757.6256,3200 544757.6256UsFtN 1470191.876UsFtE
35.1967837,-80.8919693,3200,1434818.714,531932.1646,3200 531932.1646UsFtN 1434818.714UsFtE
35.4149657,-80.8011306,3200,1463392.242,610821.6574,3200 610821.6574UsFtN 1463392.242UsFtE
35.4802059,-80.8645071,3200,1444958.73,634910.9353,3200 634910.9353UsFtN 1444958.73UsFtE
35.4741603,-80.9382258,3200,1422973.346,633131.2948,3200 633131.2948UsFtN 1422973.346UsFtE
35.4872703,-80.860135,3200,1446308.277,637457.2412,3200 637457.2412UsFtN 1446308.277UsFtE
35.4832087,-80.869548,3200,1443478.878,636031.8814,3200 636031.8814UsFtN 1443478.878UsFtE
35.49244,-80.8789414,3200,1440746.589,639443.9233,3200 639443.9233UsFtN 1440746.589UsFtE
35.1463284,-80.8496836,3200,1447106.945,513334.5081,3200 513334.5081UsFtN 1447106.945UsFtE
35.5058725,-80.8041725,3200,1463087.377,643919.2072,3200 643919.2072UsFtN 1463087.377UsFtE
35.4194823,-80.8380986,3200,1452410.1,612667.1392,3200 612667.1392UsFtN 1452410.1UsFtE
35.3966362,-80.9235001,3200,1426810.056,604835.7067,3200 604835.7067UsFtN 1426810.056UsFtE
35.1906301,-80.8093369,3200,1459459.577,529232.8006,3200 529232.8006UsFtN 1459459.577UsFtE
35.403455,-80.9247718,3200,1426479.288,607324.3265,3200 607324.3265UsFtN 1426479.288UsFtE
35.4612131,-80.8855587,3200,1438561.364,628117.8763,3200 628117.8763UsFtN 1438561.364UsFtE
35.4688324,-80.9321633,3200,1424740.222,631157.3308,3200 631157.3308UsFtN 1424740.222UsFtE
35.1758384,-80.90982,3200,1429340.235,524412.7907,3200 524412.7907UsFtN 1429340.235UsFtE
35.4760303,-80.8984908,3200,1434814.351,633583.2008,3200 633583.2008UsFtN 1434814.351UsFtE
35.383906,-80.9454569,3200,1420177.126,600330.8759,3200 600330.8759UsFtN 1420177.126UsFtE
35.2413672,-80.8775564,3200,1439430.591,548073.46,3200 548073.46UsFtN 1439430.591UsFtE
35.2434194,-80.8502722,3200,1447589.614,548667.2521,3200 548667.2521UsFtN 1447589.614UsFtE
35.2080837,-80.8748368,3200,1440013.678,535946.9121,3200 535946.9121UsFtN 1440013.678UsFtE
35.2472901,-80.745612,3200,1478858.015,549509.8141,3200 549509.8141UsFtN 1478858.015UsFtE
35.305861,-80.7996671,3200,1463108.376,571111.2459,3200 571111.2459UsFtN 1463108.376UsFtE
35.3807889,-80.869608,3200,1442758.998,598762.2191,3200 598762.2191UsFtN 1442758.998UsFtE
35.1342775,-80.8066799,3200,1459880.021,508712.683,3200 508712.683UsFtN 1459880.021UsFtE
35.4907843,-80.8493215,3200,1449550.494,638675.8432,3200 638675.8432UsFtN 1449550.494UsFtE
35.2123678,-80.8372597,3200,1451264.987,537295.9481,3200 537295.9481UsFtN 1451264.987UsFtE
35.1962647,-80.7266494,3200,1484195.618,530843.2177,3200 530843.2177UsFtN 1484195.618UsFtE
35.3592742,-80.904675,3200,1432158.248,591131.9673,3200 591131.9673UsFtN 1432158.248UsFtE
35.1101134,-80.7975019,3200,1462464.343,499870.0594,3200 499870.0594UsFtN 1462464.343UsFtE
35.2723349,-80.7940958,3200,1464549.743,558881.3564,3200 558881.3564UsFtN 1464549.743UsFtE
35.2502998,-80.8176419,3200,1457376.334,550990.9483,3200 550990.9483UsFtN 1457376.334UsFtE
35.1076915,-80.7029514,3200,1490721.298,498490.2704,3200 498490.2704UsFtN 1490721.298UsFtE
35.2390787,-80.866528,3200,1442707.194,547178.6208,3200 547178.6208UsFtN 1442707.194UsFtE
35.1316631,-81.002663,3200,1401277.841,508885.5819,3200 508885.5819UsFtN 1401277.841UsFtE
35.3509638,-80.7763496,3200,1470357.596,587398.5279,3200 587398.5279UsFtN 1470357.596UsFtE
35.2901864,-80.7023247,3200,1492047.596,564895.0866,3200 564895.0866UsFtN 1492047.596UsFtE
35.2723946,-80.7963565,3200,1463875.508,558915.3095,3200 558915.3095UsFtN 1463875.508UsFtE
35.1735099,-80.9807881,3200,1408120.605,523981.0722,3200 523981.0722UsFtN 1408120.605UsFtE
35.2766262,-80.7167454,3200,1487659.751,560034.7351,3200 560034.7351UsFtN 1487659.751UsFtE
35.2301852,-80.904348,3200,1431354.5,544156.9165,3200 544156.9165UsFtN 1431354.5UsFtE
35.2210814,-80.86805,3200,1442129.571,540638.2839,3200 540638.2839UsFtN 1442129.571UsFtE
35.2075972,-80.80896,3200,1459684.67,535404.7833,3200 535404.7833UsFtN 1459684.67UsFtE
35.3579702,-80.9069163,3200,1431481.004,590670.2947,3200 590670.2947UsFtN 1431481.004UsFtE
35.3931927,-80.8979951,3200,1434385.496,603436.3759,3200 603436.3759UsFtN 1434385.496UsFtE
35.34785,-80.9691238,3200,1412864.096,587349.7959,3200 587349.7959UsFtN 1412864.096UsFtE
35.2484005,-80.9079198,3200,1430415.472,550805.5421,3200 550805.5421UsFtN 1430415.472UsFtE
35.1329798,-80.6841268,3200,1496506.508,507596.2915,3200 507596.2915UsFtN 1496506.508UsFtE
35.2392339,-80.864979,3200,1443170.699,547226.3734,3200 547226.3734UsFtN 1443170.699UsFtE
35.2332888,-80.8568776,3200,1445548.778,545017.7281,3200 545017.7281UsFtN 1445548.778UsFtE
35.2415883,-80.7578536,3200,1475166.988,547499.4936,3200 547499.4936UsFtN 1475166.988UsFtE
35.1719799,-80.6083328,3200,1519394.126,521412.4059,3200 521412.4059UsFtN 1519394.126UsFtE
35.4737193,-80.8239716,3200,1456980.914,632326.2737,3200 632326.2737UsFtN 1456980.914UsFtE
35.1472913,-80.6464147,3200,1507866.416,512614.9737,3200 512614.9737UsFtN 1507866.416UsFtE
35.3989769,-80.8355694,3200,1453025.514,605191.3804,3200 605191.3804UsFtN 1453025.514UsFtE
35.0939109,-81.0242228,3200,1394552.993,495279.6432,3200 495279.6432UsFtN 1394552.993UsFtE
35.3121618,-80.6865595,3200,1496887.174,572811.5644,3200 572811.5644UsFtN 1496887.174UsFtE
35.3084212,-80.8088342,3200,1460390.855,572092.5675,3200 572092.5675UsFtN 1460390.855UsFtE
35.0941994,-80.7564547,3200,1474635.567,493859.5072,3200 493859.5072UsFtN 1474635.567UsFtE
35.2153764,-80.82293,3200,1455564.45,538311.8351,3200 538311.8351UsFtN 1455564.45UsFtE
35.3188141,-80.9842518,3200,1408142.75,576874.0834,3200 576874.0834UsFtN 1408142.75UsFtE
35.1599896,-80.8595657,3200,1444246.537,518360.6952,3200 518360.6952UsFtN 1444246.537UsFtE
35.1135975,-80.7229761,3200,1484770.686,500742.6752,3200 500742.6752UsFtN 1484770.686UsFtE
35.2529892,-80.8785092,3200,1439226.176,552307.85,3200 552307.85UsFtN 1439226.176UsFtE
35.3280843,-80.9091243,3200,1430613.648,579807.8983,3200 579807.8983UsFtN 1430613.648UsFtE
35.2263156,-80.7178459,3200,1487014.498,541732.7856,3200 541732.7856UsFtN 1487014.498UsFtE
35.4124228,-80.8457606,3200,1450080.015,610140.5695,3200 610140.5695UsFtN 1450080.015UsFtE
35.4129908,-80.8732021,3200,1441909.03,610500.3947,3200 610500.3947UsFtN 1441909.03UsFtE
35.0621174,-81.0195364,3200,1395719.146,483682.651,3200 483682.651UsFtN 1395719.146UsFtE
35.0793587,-80.8950014,3200,1433097.295,489221.5463,3200 489221.5463UsFtN 1433097.295UsFtE
35.2198148,-80.6863108,3200,1496390.437,539205.7198,3200 539205.7198UsFtN 1496390.437UsFtE
35.4129256,-80.8454985,3200,1450161.494,610322.0658,3200 610322.0658UsFtN 1450161.494UsFtE
35.1521242,-80.8864025,3200,1436172.61,515649.9863,3200 515649.9863UsFtN 1436172.61UsFtE
35.3775682,-80.9333511,3200,1423739.761,597954.1628,3200 597954.1628UsFtN 1423739.761UsFtE
35.2379126,-80.8515092,3200,1447182.965,546670.2976,3200 546670.2976UsFtN 1447182.965UsFtE
35.2667094,-80.9298028,3200,1424012.932,557594.0288,3200 557594.0288UsFtN 1424012.932UsFtE
35.475574,-80.8177005,3200,1458860.047,632966.9564,3200 632966.9564UsFtN 1458860.047UsFtE
35.2567471,-80.83827,3200,1451262.341,553450.41,3200 553450.41UsFtN 1451262.341UsFtE
35.1563158,-80.956789,3200,1415167.528,517582.4125,3200 517582.4125UsFtN 1415167.528UsFtE
35.2205293,-80.7709868,3200,1471109.586,539906.1002,3200 539906.1002UsFtN 1471109.586UsFtE
35.2196384,-80.7856271,3200,1466732.022,539660.225,3200 539660.225UsFtN 1466732.022UsFtE
35.2215429,-80.6859526,3200,1496508.108,539832.7766,3200 539832.7766UsFtN 1496508.108UsFtE
35.4777694,-80.819299,3200,1458398.859,633774.5646,3200 633774.5646UsFtN 1458398.859UsFtE
35.4456697,-80.7815978,3200,1469411.522,621889.8666,3200 621889.8666UsFtN 1469411.522UsFtE
35.21444,-80.9082005,3200,1430094.125,538449.6993,3200 538449.6993UsFtN 1430094.125UsFtE
35.3507081,-80.9186313,3200,1427937.708,588095.0327,3200 588095.0327UsFtN 1427937.708UsFtE
35.2484829,-80.9073354,3200,1430590.502,550832.1888,3200 550832.1888UsFtN 1430590.502UsFtE
35.2448382,-81.0057441,3200,1401189,550085.0001,3200 550085.0001UsFtN 1401189UsFtE
35.1509005,-80.7456779,3200,1478221.489,514435.2479,3200 514435.2479UsFtN 1478221.489UsFtE
35.3137742,-80.7127976,3200,1489071.062,573532.3495,3200 573532.3495UsFtN 1489071.062UsFtE
35.2351071,-80.7730928,3200,1470575.456,545221.9688,3200 545221.9688UsFtN 1470575.456UsFtE
35.2242775,-80.6843128,3200,1497014.638,540819.5347,3200 540819.5347UsFtN 1497014.638UsFtE
35.1444413,-80.6435229,3200,1508713.554,511563.5478,3200 511563.5478UsFtN 1508713.554UsFtE
35.2460299,-80.7978827,3200,1463246.293,549329.7604,3200 549329.7604UsFtN 1463246.293UsFtE
35.3826955,-80.8080231,3200,1461125.098,599116.0029,3200 599116.0029UsFtN 1461125.098UsFtE
35.1959638,-80.749838,3200,1477267.252,530855.0224,3200 530855.0224UsFtN 1477267.252UsFtE
35.2375702,-80.6321152,3200,1512680.496,545396.3159,3200 545396.3159UsFtN 1512680.496UsFtE
35.2056946,-80.8835835,3200,1437385.001,535127.0001,3200 535127.0001UsFtN 1437385.001UsFtE
35.1870219,-80.7665151,3200,1472227.869,527689.4073,3200 527689.4073UsFtN 1472227.869UsFtE
35.3909758,-80.8451783,3200,1450108.385,602332.9091,3200 602332.9091UsFtN 1450108.385UsFtE
35.2329358,-80.8550342,3200,1446096.741,544878.9741,3200 544878.9741UsFtN 1446096.741UsFtE
35.2162501,-80.8342822,3200,1452180.288,538692.2129,3200 538692.2129UsFtN 1452180.288UsFtE
35.2340795,-80.8412354,3200,1450224.243,545218.4455,3200 545218.4455UsFtN 1450224.243UsFtE
35.1322774,-80.7136236,3200,1487684.492,507491.6013,3200 507491.6013UsFtN 1487684.492UsFtE
35.2062819,-80.8371827,3200,1451247,535080.9999,3200 535080.9999UsFtN 1451247UsFtE
35.2323124,-80.8234188,3200,1455531.692,544477.2366,3200 544477.2366UsFtN 1455531.692UsFtE
35.1111748,-80.717748,3200,1486318.649,499834.0088,3200 499834.0088UsFtN 1486318.649UsFtE
35.1203971,-80.6933142,3200,1493681.956,503064.3453,3200 503064.3453UsFtN 1493681.956UsFtE
35.206465,-80.8240222,3200,1455178.719,535075.1338,3200 535075.1338UsFtN 1455178.719UsFtE
35.3558366,-80.7563827,3200,1476341.765,589065.7948,3200 589065.7948UsFtN 1476341.765UsFtE
35.160143,-80.8575045,3200,1444863.519,518404.9716,3200 518404.9716UsFtN 1444863.519UsFtE
35.4110615,-80.8412322,3200,1451419.845,609620.1241,3200 609620.1241UsFtN 1451419.845UsFtE
35.2174344,-80.8404468,3200,1450347.383,539157.2422,3200 539157.2422UsFtN 1450347.383UsFtE
35.2547608,-80.7662744,3200,1472738.399,552337.4335,3200 552337.4335UsFtN 1472738.399UsFtE
35.0903594,-80.8049785,3200,1460098.028,492722.5787,3200 492722.5787UsFtN 1460098.028UsFtE
35.1982692,-80.8580728,3200,1444953.404,532281.446,3200 532281.446UsFtN 1444953.404UsFtE
35.2353329,-80.783904,3200,1467349.193,545361.9667,3200 545361.9667UsFtN 1467349.193UsFtE
35.2589164,-80.8058732,3200,1460946.331,554062.2899,3200 554062.2899UsFtN 1460946.331UsFtE
35.1911011,-80.6810109,3200,1497796.148,528730.2228,3200 528730.2228UsFtN 1497796.148UsFtE
35.2124495,-80.8523096,3200,1446771.103,537409.2358,3200 537409.2358UsFtN 1446771.103UsFtE
35.139879,-80.706063,3200,1489992.169,510218.8085,3200 510218.8085UsFtN 1489992.169UsFtE
35.2158001,-80.8335202,3200,1452404.812,538524.2466,3200 538524.2466UsFtN 1452404.812UsFtE
35.2196769,-80.8041712,3200,1461194.792,539774.3774,3200 539774.3774UsFtN 1461194.792UsFtE
35.2200499,-80.8390179,3200,1450791.701,540101.0559,3200 540101.0559UsFtN 1450791.701UsFtE
35.2107546,-80.8359998,3200,1451630.387,536701.9948,3200 536701.9948UsFtN 1451630.387UsFtE
35.1115168,-80.7264899,3200,1483706.865,500003.8014,3200 500003.8014UsFtN 1483706.865UsFtE
35.1092126,-80.7210947,3200,1485305.583,499137.3433,3200 499137.3433UsFtN 1485305.583UsFtE
35.111663,-80.8756893,3200,1439096.096,500866.4952,3200 500866.4952UsFtN 1439096.096UsFtE
35.2634462,-80.7764821,3200,1469748.13,555552.3194,3200 555552.3194UsFtN 1469748.13UsFtE
35.2601831,-80.7504571,3200,1477494.418,554226.9274,3200 554226.9274UsFtN 1477494.418UsFtE
35.2550769,-80.8463479,3200,1448839.995,552887.3995,3200 552887.3995UsFtN 1448839.995UsFtE
35.1281109,-80.8624953,3200,1443153.452,506777.1969,3200 506777.1969UsFtN 1443153.452UsFtE
35.1170854,-80.7180116,3200,1486277.079,501986.1541,3200 501986.1541UsFtN 1486277.079UsFtE
35.2631641,-80.7791753,3200,1468942.507,555464.0724,3200 555464.0724UsFtN 1468942.507UsFtE
35.2277125,-80.8357623,3200,1451815.426,542871.3429,3200 542871.3429UsFtN 1451815.426UsFtE
35.2498063,-80.8356653,3200,1451993.07,550910.3955,3200 550910.3955UsFtN 1451993.07UsFtE
35.2442858,-80.7278771,3200,1484133.106,548323.9679,3200 548323.9679UsFtN 1484133.106UsFtE
35.4119046,-80.8465942,3200,1449828.165,609956.6032,3200 609956.6032UsFtN 1449828.165UsFtE
35.2181312,-80.8405966,3200,1450307.352,539411.6044,3200 539411.6044UsFtN 1450307.352UsFtE
35.1287918,-80.6845775,3200,1496345.922,506074.6226,3200 506074.6226UsFtN 1496345.922UsFtE
35.2280834,-80.8272192,3200,1454368.71,542959.2309,3200 542959.2309UsFtN 1454368.71UsFtE
35.2102259,-80.8328005,3200,1452582.271,536491.9297,3200 536491.9297UsFtN 1452582.271UsFtE
35.2027345,-80.9016857,3200,1431958.001,534153.0001,3200 534153.0001UsFtN 1431958.001UsFtE
35.2223834,-80.5953484,3200,1523568.607,539691.4101,3200 539691.4101UsFtN 1523568.607UsFtE
35.1179094,-80.7428787,3200,1478847.283,502415.5918,3200 502415.5918UsFtN 1478847.283UsFtE
35.0981079,-80.724633,3200,1484177.349,495114.8623,3200 495114.8623UsFtN 1484177.349UsFtE
35.2172431,-80.8255078,3200,1454807.168,539005.2424,3200 539005.2424UsFtN 1454807.168UsFtE
35.0761418,-80.9000477,3200,1431565.441,488079.8865,3200 488079.8865UsFtN 1431565.441UsFtE
35.1150939,-80.7234999,3200,1484623.541,501289.9199,3200 501289.9199UsFtN 1484623.541UsFtE
35.3190257,-80.7689837,3200,1472346.5,575737.2443,3200 575737.2443UsFtN 1472346.5UsFtE
35.2231089,-80.7925008,3200,1464702.253,540960.0927,3200 540960.0927UsFtN 1464702.253UsFtE
35.2155153,-80.9879131,3200,1406298.001,539308.1399,3200 539308.1399UsFtN 1406298.001UsFtE
35.1321878,-80.7067181,3200,1489748.233,507423.4574,3200 507423.4574UsFtN 1489748.233UsFtE
35.1250145,-80.7206465,3200,1485539.268,504885.0689,3200 504885.0689UsFtN 1485539.268UsFtE
35.189731,-80.6559694,3200,1505268.292,528105.9026,3200 528105.9026UsFtN 1505268.292UsFtE
35.2192338,-80.8285707,3200,1453905.874,539746.4418,3200 539746.4418UsFtN 1453905.874UsFtE
35.2454184,-80.7171564,3200,1487340.645,548680.5561,3200 548680.5561UsFtN 1487340.645UsFtE
35.2461315,-81.0051,3200,1401390.763,550551.7075,3200 550551.7075UsFtN 1401390.763UsFtE
35.3089078,-80.7774045,3200,1469769.082,572100.2866,3200 572100.2866UsFtN 1469769.082UsFtE
35.0853585,-81.0166118,3200,1396765.933,492121.432,3200 492121.432UsFtN 1396765.933UsFtE
35.1203217,-80.7331769,3200,1481763.333,503242.6049,3200 503242.6049UsFtN 1481763.333UsFtE
35.3666027,-80.8530906,3200,1447585.101,593507.6571,3200 593507.6571UsFtN 1447585.101UsFtE
35.0786683,-80.8926251,3200,1433803.316,488956.7933,3200 488956.7933UsFtN 1433803.316UsFtE
35.4968754,-80.8301064,3200,1455310.084,640786.4289,3200 640786.4289UsFtN 1455310.084UsFtE
35.1133404,-80.7220836,3200,1485035.915,500644.5184,3200 500644.5184UsFtN 1485035.915UsFtE
35.0856551,-80.8945633,3200,1433272.076,491510.1477,3200 491510.1477UsFtN 1433272.076UsFtE
35.2524425,-80.8411604,3200,1450370.587,551900.0398,3200 551900.0398UsFtN 1450370.587UsFtE
35.1959059,-80.7247901,3200,1484748.746,530702.9793,3200 530702.9793UsFtN 1484748.746UsFtE
35.3579569,-80.8227031,3200,1456584.958,590193.8029,3200 590193.8029UsFtN 1456584.958UsFtE
35.0607283,-80.8264816,3200,1453468.38,482058.1875,3200 482058.1875UsFtN 1453468.38UsFtE
35.435819,-80.9043596,3200,1432786.65,618983.9881,3200 618983.9881UsFtN 1432786.65UsFtE
35.2279859,-80.8695656,3200,1441724.342,543159.2186,3200 543159.2186UsFtN 1441724.342UsFtE
35.4872853,-80.7904652,3200,1467044.126,637081.3759,3200 637081.3759UsFtN 1467044.126UsFtE
35.2849991,-80.8188122,3200,1457258.371,563623.9445,3200 563623.9445UsFtN 1457258.371UsFtE
35.401319,-80.9245027,3200,1426544.381,606545.5214,3200 606545.5214UsFtN 1426544.381UsFtE
35.1911534,-80.7500449,3200,1477174.592,529105.6791,3200 529105.6791UsFtN 1477174.592UsFtE
35.315975,-80.9441503,3200,1420082.321,575604.3038,3200 575604.3038UsFtN 1420082.321UsFtE
35.271462,-81.0020651,3200,1402482.619,559750.5007,3200 559750.5007UsFtN 1402482.619UsFtE
35.4482098,-80.7901265,3200,1466888.484,622859.8956,3200 622859.8956UsFtN 1466888.484UsFtE
35.3057738,-80.9398366,3200,1421296.362,571867.1364,3200 571867.1364UsFtN 1421296.362UsFtE
35.3721901,-80.9733991,3200,1411765.583,596232.0576,3200 596232.0576UsFtN 1411765.583UsFtE
35.0673633,-80.7286486,3200,1482781.59,483948.3282,3200 483948.3282UsFtN 1482781.59UsFtE
35.180971,-80.8712572,3200,1440896.75,526061.0002,3200 526061.0002UsFtN 1440896.75UsFtE
35.2373967,-80.8152964,3200,1457990.582,546282.8773,3200 546282.8773UsFtN 1457990.582UsFtE
35.1096924,-81.0249915,3200,1394440.26,501026.6419,3200 501026.6419UsFtN 1394440.26UsFtE
35.0197804,-80.8382225,3200,1449679.655,467223.1742,3200 467223.1742UsFtN 1449679.655UsFtE
35.2023018,-80.8313402,3200,1452965.177,533600.4483,3200 533600.4483UsFtN 1452965.177UsFtE
35.4017766,-80.817095,3200,1458548.653,606108.8939,3200 606108.8939UsFtN 1458548.653UsFtE
35.2638584,-80.945092,3200,1419429.849,556645.6972,3200 556645.6972UsFtN 1419429.849UsFtE
35.2707202,-80.926055,3200,1425159.716,559031.7724,3200 559031.7724UsFtN 1425159.716UsFtE
35.2878247,-80.8724618,3200,1441270.357,564949.7946,3200 564949.7946UsFtN 1441270.357UsFtE
35.2315979,-80.8423467,3200,1449875.708,544321.5989,3200 544321.5989UsFtN 1449875.708UsFtE
35.2827501,-80.8591174,3200,1445217.181,563028.3556,3200 563028.3556UsFtN 1445217.181UsFtE
35.0457761,-80.7940662,3200,1463068.514,476440.5535,3200 476440.5535UsFtN 1463068.514UsFtE
35.25855,-80.8315073,3200,1453292.949,554069.1403,3200 554069.1403UsFtN 1453292.949UsFtE
35.1298803,-80.7338526,3200,1481622.054,506724.3535,3200 506724.3535UsFtN 1481622.054UsFtE
35.320116,-80.8652054,3200,1443656.172,576659.3389,3200 576659.3389UsFtN 1443656.172UsFtE
35.2596968,-80.8845686,3200,1437463.883,554782.8835,3200 554782.8835UsFtN 1437463.883UsFtE
35.2191405,-80.8292248,3200,1453709.899,539716.0994,3200 539716.0994UsFtN 1453709.899UsFtE
35.1573863,-80.6708008,3200,1500639.634,516410.2285,3200 516410.2285UsFtN 1500639.634UsFtE
35.2495679,-80.7843992,3200,1467294.476,550544.5533,3200 550544.5533UsFtN 1467294.476UsFtE
35.1718124,-80.90643,3200,1430324.924,522928.3603,3200 522928.3603UsFtN 1430324.924UsFtE
35.2155261,-80.8240239,3200,1455238.791,538372.317,3200 538372.317UsFtN 1455238.791UsFtE
35.1644499,-80.7001092,3200,1491924.957,519129.3077,3200 519129.3077UsFtN 1491924.957UsFtE
35.1474324,-80.7692864,3200,1471143.229,513298.1812,3200 513298.1812UsFtN 1471143.229UsFtE
35.2584159,-80.8615442,3200,1444327.015,554187.1161,3200 554187.1161UsFtN 1444327.015UsFtE
35.3530362,-80.9296962,3200,1424655.47,589006.1421,3200 589006.1421UsFtN 1424655.47UsFtE
35.2095294,-80.8509403,3200,1447160.203,536339.0379,3200 536339.0379UsFtN 1447160.203UsFtE
35.3621833,-80.7609427,3200,1475023.32,591399.4427,3200 591399.4427UsFtN 1475023.32UsFtE
35.256133,-80.9407018,3200,1420685.098,553808.957,3200 553808.957UsFtN 1420685.098UsFtE
35.0942891,-81.0237225,3200,1394705.428,495414.2011,3200 495414.2011UsFtN 1394705.428UsFtE
35.1880917,-80.842654,3200,1449490.063,528492.2097,3200 528492.2097UsFtN 1449490.063UsFtE
35.3123291,-80.8637414,3200,1444039.596,573817.5957,3200 573817.5957UsFtN 1444039.596UsFtE
35.0683311,-80.7569183,3200,1474330.293,484449.0184,3200 484449.0184UsFtN 1474330.293UsFtE
35.2301812,-80.8026503,3200,1461718.342,543588.4661,3200 543588.4661UsFtN 1461718.342UsFtE
35.167644,-80.7555233,3200,1475386.783,520579.8188,3200 520579.8188UsFtN 1475386.783UsFtE
35.4333653,-80.8437088,3200,1450832.798,617750.0735,3200 617750.0735UsFtN 1450832.798UsFtE
35.1899746,-80.7963122,3200,1463345.982,528923.6107,3200 528923.6107UsFtN 1463345.982UsFtE
35.3569805,-80.7597889,3200,1475333.699,589500.0517,3200 589500.0517UsFtN 1475333.699UsFtE
35.1688572,-80.7715072,3200,1470618.598,521106.1547,3200 521106.1547UsFtN 1470618.598UsFtE
35.2040862,-80.9003463,3200,1432367.44,534637.1879,3200 534637.1879UsFtN 1432367.44UsFtE
35.2258077,-80.7173825,3200,1487149.658,541545.5582,3200 541545.5582UsFtN 1487149.658UsFtE
35.4663246,-80.8951478,3200,1435742.006,630032.3165,3200 630032.3165UsFtN 1435742.006UsFtE
35.1463233,-80.8499917,3200,1447014.845,513334.3738,3200 513334.3738UsFtN 1447014.845UsFtE
35.0821322,-80.8909939,3200,1434315.263,490207.8774,3200 490207.8774UsFtN 1434315.263UsFtE
35.2139096,-80.8787451,3200,1438886.595,538088.9034,3200 538088.9034UsFtN 1438886.595UsFtE
35.2916625,-80.8183236,3200,1457448.575,566045.9846,3200 566045.9846UsFtN 1457448.575UsFtE
35.391743,-80.8437992,3200,1450524.521,602604.4424,3200 602604.4424UsFtN 1450524.521UsFtE
35.376348,-80.8383128,3200,1452055.592,596972.0006,3200 596972.0006UsFtN 1452055.592UsFtE
35.4101014,-80.8426591,3200,1450988.262,609278.6448,3200 609278.6448UsFtN 1450988.262UsFtE
35.4001757,-80.9246707,3200,1426486.266,606130.4656,3200 606130.4656UsFtN 1426486.266UsFtE
35.4048416,-80.8344197,3200,1453407.495,607319.1697,3200 607319.1697UsFtN 1453407.495UsFtE
35.3922514,-80.8359266,3200,1452873.813,602745.9676,3200 602745.9676UsFtN 1452873.813UsFtE
35.3909809,-80.8354871,3200,1452996.215,602281.2067,3200 602281.2067UsFtN 1452996.215UsFtE
35.4117761,-80.8732502,3200,1441886.374,610058.6416,3200 610058.6416UsFtN 1441886.374UsFtE
35.4985987,-80.8538465,3200,1448256.883,641544.6432,3200 641544.6432UsFtN 1448256.883UsFtE
35.4656866,-80.8682291,3200,1443751.425,629648.2329,3200 629648.2329UsFtN 1443751.425UsFtE
35.2084805,-80.7778797,3200,1468972.751,535558.5032,3200 535558.5032UsFtN 1468972.751UsFtE
35.2036377,-80.9012599,3200,1432091.481,534479.2239,3200 534479.2239UsFtN 1432091.481UsFtE
35.2087582,-80.7656748,3200,1472619.601,535594.4866,3200 535594.4866UsFtN 1472619.601UsFtE
35.255164,-80.7758282,3200,1469889.38,552535.0569,3200 552535.0569UsFtN 1469889.38UsFtE
35.206132,-80.7669031,3200,1472235.77,534645.3593,3200 534645.3593UsFtN 1472235.77UsFtE
35.4056438,-80.8466438,3200,1449771.011,607678.6263,3200 607678.6263UsFtN 1449771.011UsFtE
35.1957915,-80.8080239,3200,1459885.996,531103.8159,3200 531103.8159UsFtN 1459885.996UsFtE
35.0224856,-80.8451598,3200,1447621.319,468246.0488,3200 468246.0488UsFtN 1447621.319UsFtE
35.2910044,-80.7794534,3200,1469041.104,565596.3591,3200 565596.3591UsFtN 1469041.104UsFtE
35.2666201,-80.9165636,3200,1427963.334,557485.0007,3200 557485.0007UsFtN 1427963.334UsFtE
35.4658634,-80.8444191,3200,1450841,629579.9999,3200 629579.9999UsFtN 1450841UsFtE
35.4837841,-80.8709016,3200,1443079.92,636248.8397,3200 636248.8397UsFtN 1443079.92UsFtE
35.4644906,-80.8585264,3200,1446631.825,629158.7836,3200 629158.7836UsFtN 1446631.825UsFtE
35.4896154,-80.8969299,3200,1435373.449,638517.8675,3200 638517.8675UsFtN 1435373.449UsFtE
35.4591278,-80.8438062,3200,1450977.928,627125.5129,3200 627125.5129UsFtN 1450977.928UsFtE
35.4561801,-80.8883114,3200,1437707.001,626301.9992,3200 626301.9992UsFtN 1437707.001UsFtE
35.2818916,-80.9022144,3200,1432352.085,562959.6106,3200 562959.6106UsFtN 1432352.085UsFtE
35.4674142,-80.8363702,3200,1453247.659,630099.8807,3200 630099.8807UsFtN 1453247.659UsFtE
35.1972322,-80.5924066,3200,1524300.246,530524.8755,3200 530524.8755UsFtN 1524300.246UsFtE
35.4054202,-80.832983,3200,1453839.445,607521.8064,3200 607521.8064UsFtN 1453839.445UsFtE
35.2185803,-80.983055,3200,1407770.991,540394.3768,3200 540394.3768UsFtN 1407770.991UsFtE
35.0997948,-80.7310228,3200,1482277.092,495761.9775,3200 495761.9775UsFtN 1482277.092UsFtE
35.21948,-80.6854415,3200,1496647.975,539079.4957,3200 539079.4957UsFtN 1496647.975UsFtE
35.3282667,-80.9606108,3200,1415261.331,580173.5785,3200 580173.5785UsFtN 1415261.331UsFtE
35.249893,-80.8404136,3200,1450576.282,550968.1707,3200 550968.1707UsFtN 1450576.282UsFtE
35.3620113,-80.8851949,3200,1437984.069,592017.1112,3200 592017.1112UsFtN 1437984.069UsFtE
35.2404715,-80.8840966,3200,1437471.946,547784.5067,3200 547784.5067UsFtN 1437471.946UsFtE
35.3336803,-80.883293,3200,1438355.381,581697.0666,3200 581697.0666UsFtN 1438355.381UsFtE
35.2876697,-80.8000378,3200,1462877.747,564493.6422,3200 564493.6422UsFtN 1462877.747UsFtE
35.1291297,-81.0007096,3200,1401843.159,507951.954,3200 507951.954UsFtN 1401843.159UsFtE
35.2457151,-80.8715164,3200,1441263.526,549621.5234,3200 549621.5234UsFtN 1441263.526UsFtE
35.1799317,-80.6343032,3200,1511681.909,524432.7346,3200 524432.7346UsFtN 1511681.909UsFtE
35.2740966,-80.7203616,3200,1486564.676,559132.9,3200 559132.9UsFtN 1486564.676UsFtE
35.0412962,-80.829521,3200,1452428.668,475004.0866,3200 475004.0866UsFtN 1452428.668UsFtE
35.1377319,-80.9044139,3200,1430689.345,510515.8144,3200 510515.8144UsFtN 1430689.345UsFtE
35.2428141,-80.807755,3200,1460277.961,548213.0956,3200 548213.0956UsFtN 1460277.961UsFtE
35.2763102,-80.9595975,3200,1415190.251,561261.7443,3200 561261.7443UsFtN 1415190.251UsFtE
35.3517713,-80.8109882,3200,1460036.146,587879.0109,3200 587879.0109UsFtN 1460036.146UsFtE
35.351556,-80.8109624,3200,1460042.412,587800.5253,3200 587800.5253UsFtN 1460042.412UsFtE
35.3018909,-80.83963,3200,1451160.866,569885.1162,3200 569885.1162UsFtN 1451160.866UsFtE
35.2862304,-80.7348853,3200,1482307.75,563623.7502,3200 563623.7502UsFtN 1482307.75UsFtE
35.2551885,-80.71531,3200,1487953.251,552226.2821,3200 552226.2821UsFtN 1487953.251UsFtE
35.3145504,-80.8111858,3200,1459730.095,574335.7266,3200 574335.7266UsFtN 1459730.095UsFtE
35.1917139,-80.8447591,3200,1448885.715,529821.9295,3200 529821.9295UsFtN 1448885.715UsFtE
35.3598032,-80.8734378,3200,1441473.525,591147.2559,3200 591147.2559UsFtN 1441473.525UsFtE
35.2127726,-80.8216244,3200,1455936.959,537357.1927,3200 537357.1927UsFtN 1455936.959UsFtE
35.3992754,-80.8347214,3200,1453280.177,605295.32,3200 605295.32UsFtN 1453280.177UsFtE
35.2415296,-80.8031749,3200,1461636.744,547720.8184,3200 547720.8184UsFtN 1461636.744UsFtE
35.3747155,-80.7728574,3200,1471553.126,596023.0657,3200 596023.0657UsFtN 1471553.126UsFtE
35.2746012,-80.675791,3200,1499868.414,559088.9784,3200 559088.9784UsFtN 1499868.414UsFtE
35.1789092,-80.638694,3200,1510363.969,524082.2997,3200 524082.2997UsFtN 1510363.969UsFtE
35.4102924,-80.8685532,3200,1443275.472,609492.3823,3200 609492.3823UsFtN 1443275.472UsFtE
35.1875771,-80.7030217,3200,1491199.032,527559.9466,3200 527559.9466UsFtN 1491199.032UsFtE
35.277689,-80.6901243,3200,1495610.267,560285.1484,3200 560285.1484UsFtN 1495610.267UsFtE
35.2112459,-80.7259199,3200,1484508.313,536290.8876,3200 536290.8876UsFtN 1484508.313UsFtE
